damage_bin_id,bin_from,bin_to,interpolant
1,0,0,0
2,0,0.0001,0.00005
3,0.0001,0.001,0.00045
4,0.001,0.01,0.0045
5,0.01,0.025,0.0125
6,0.025,0.05,0.0375
7,0.05,1.0,0.475
8,500,3000000,1400000
9,0,3000000,94000
10,0,10000000,3500000